filename,label,reason
malicious_374951.png,malicious,QR decoded but no URL found
malicious_403606.png,malicious,QR decoded but no URL found
malicious_370162.png,malicious,QR decoded but no URL found
malicious_390069.png,malicious,QR decoded but no URL found
malicious_370160.png,malicious,QR decoded but no URL found
malicious_370159.png,malicious,QR decoded but no URL found
malicious_415609.png,malicious,QR decoded but no URL found
malicious_405418.png,malicious,QR decoded but no URL found
malicious_374692.png,malicious,QR decoded but no URL found
malicious_388840.png,malicious,QR decoded but no URL found
